{
  "sell": {
  "category": "master",
  "sounds": [
  "sell"
],
  "subtitle": "subtitles.custom.sell"
},

  "levelup1": {
  "category": "master",
  "sounds": [
  "levelup1"
],
  "subtitle": "subtitles.custom.levelup1"
},

"levelup2": {
  "category": "master",
  "sounds": [
  "levelup2"
],
  "subtitle": "subtitles.custom.levelup2"
},

"levelup3": {
  "category": "master",
  "sounds": [
  "levelup3"
],
  "subtitle": "subtitles.custom.levelup3"
},

"dungeonfinish": {
  "category": "master",
  "sounds": [
  "dungeonfinish"
],
  "subtitle": "subtitles.custom.victory"
},

"gameover": {
  "category": "master",
  "sounds": [
  "gameover"
],
  "subtitle": "subtitles.custom.lose"
}

}