{
	"credit": "Made with Blockbench",
	"parent": "item/galaxium_tool_display",
	"ambientocclusion": false,
	"textures": {
		"0": "item/netherite_shovel",
		"particle": "item/netherite_shovel"
	},
	"elements": [
		{
			"from": [0, 0, 7.5],
			"to": [2, 2, 8.5],
			"faces": {
				"north": {"uv": [2, 14, 0, 16], "texture": "#0"},
				"east": {"uv": [1, 14, 2, 16], "texture": "#0"},
				"south": {"uv": [0, 14, 2, 16], "texture": "#0"},
				"west": {"uv": [0, 14, 1, 16], "texture": "#0"},
				"up": {"uv": [0, 14, 2, 15], "texture": "#0"},
				"down": {"uv": [0, 15, 2, 16], "texture": "#0"}
			}
		},
		{
			"from": [2, 2, 7.5],
			"to": [4, 4, 8.5],
			"faces": {
				"north": {"uv": [4, 12, 2, 14], "texture": "#0"},
				"east": {"uv": [3, 12, 4, 14], "texture": "#0"},
				"south": {"uv": [2, 12, 4, 14], "texture": "#0"},
				"west": {"uv": [2, 12, 3, 14], "texture": "#0"},
				"up": {"uv": [2, 12, 4, 13], "texture": "#0"},
				"down": {"uv": [2, 13, 4, 14], "texture": "#0"}
			}
		},
		{
			"from": [1, 2, 7.5],
			"to": [2, 3, 8.5],
			"faces": {
				"north": {"uv": [2, 13, 1, 14], "texture": "#0"},
				"east": {"uv": [1, 13, 2, 14], "texture": "#0"},
				"south": {"uv": [1, 13, 2, 14], "texture": "#0"},
				"west": {"uv": [1, 13, 2, 14], "texture": "#0"},
				"up": {"uv": [1, 13, 2, 14], "texture": "#0"},
				"down": {"uv": [1, 13, 2, 14], "texture": "#0"}
			}
		},
		{
			"from": [2, 1, 7.5],
			"to": [3, 2, 8.5],
			"faces": {
				"north": {"uv": [3, 14, 2, 15], "texture": "#0"},
				"east": {"uv": [2, 14, 3, 15], "texture": "#0"},
				"south": {"uv": [2, 14, 3, 15], "texture": "#0"},
				"west": {"uv": [2, 14, 3, 15], "texture": "#0"},
				"up": {"uv": [2, 14, 3, 15], "texture": "#0"},
				"down": {"uv": [2, 14, 3, 15], "texture": "#0"}
			}
		},
		{
			"from": [7, 3, 7.5],
			"to": [8, 4, 8.5],
			"faces": {
				"north": {"uv": [8, 12, 7, 13], "texture": "#0"},
				"east": {"uv": [7, 12, 8, 13], "texture": "#0"},
				"south": {"uv": [7, 12, 8, 13], "texture": "#0"},
				"west": {"uv": [7, 12, 8, 13], "texture": "#0"},
				"up": {"uv": [7, 12, 8, 13], "texture": "#0"},
				"down": {"uv": [7, 12, 8, 13], "texture": "#0"}
			}
		},
		{
			"from": [3, 7, 7.5],
			"to": [4, 8, 8.5],
			"faces": {
				"north": {"uv": [4, 8, 3, 9], "texture": "#0"},
				"east": {"uv": [3, 8, 4, 9], "texture": "#0"},
				"south": {"uv": [3, 8, 4, 9], "texture": "#0"},
				"west": {"uv": [3, 8, 4, 9], "texture": "#0"},
				"up": {"uv": [3, 8, 4, 9], "texture": "#0"},
				"down": {"uv": [3, 8, 4, 9], "texture": "#0"}
			}
		},
		{
			"from": [5, 8, 7.5],
			"to": [6, 9, 8.5],
			"faces": {
				"north": {"uv": [6, 7, 5, 8], "texture": "#0"},
				"east": {"uv": [5, 7, 6, 8], "texture": "#0"},
				"south": {"uv": [5, 7, 6, 8], "texture": "#0"},
				"west": {"uv": [5, 7, 6, 8], "texture": "#0"},
				"up": {"uv": [5, 7, 6, 8], "texture": "#0"},
				"down": {"uv": [5, 7, 6, 8], "texture": "#0"}
			}
		},
		{
			"from": [8, 5, 7.5],
			"to": [9, 6, 8.5],
			"faces": {
				"north": {"uv": [9, 10, 8, 11], "texture": "#0"},
				"east": {"uv": [8, 10, 9, 11], "texture": "#0"},
				"south": {"uv": [8, 10, 9, 11], "texture": "#0"},
				"west": {"uv": [8, 10, 9, 11], "texture": "#0"},
				"up": {"uv": [8, 10, 9, 11], "texture": "#0"},
				"down": {"uv": [8, 10, 9, 11], "texture": "#0"}
			}
		},
		{
			"from": [11, 7, 7.5],
			"to": [12, 8, 8.5],
			"faces": {
				"north": {"uv": [12, 8, 11, 9], "texture": "#0"},
				"east": {"uv": [11, 8, 12, 9], "texture": "#0"},
				"south": {"uv": [11, 8, 12, 9], "texture": "#0"},
				"west": {"uv": [11, 8, 12, 9], "texture": "#0"},
				"up": {"uv": [11, 8, 12, 9], "texture": "#0"},
				"down": {"uv": [11, 8, 12, 9], "texture": "#0"}
			}
		},
		{
			"from": [13, 9, 7.5],
			"to": [14, 10, 8.5],
			"faces": {
				"north": {"uv": [14, 6, 13, 7], "texture": "#0"},
				"east": {"uv": [13, 6, 14, 7], "texture": "#0"},
				"south": {"uv": [13, 6, 14, 7], "texture": "#0"},
				"west": {"uv": [13, 6, 14, 7], "texture": "#0"},
				"up": {"uv": [13, 6, 14, 7], "texture": "#0"},
				"down": {"uv": [13, 6, 14, 7], "texture": "#0"}
			}
		},
		{
			"from": [7, 11, 7.5],
			"to": [8, 12, 8.5],
			"faces": {
				"north": {"uv": [8, 4, 7, 5], "texture": "#0"},
				"east": {"uv": [7, 4, 8, 5], "texture": "#0"},
				"south": {"uv": [7, 4, 8, 5], "texture": "#0"},
				"west": {"uv": [7, 4, 8, 5], "texture": "#0"},
				"up": {"uv": [7, 4, 8, 5], "texture": "#0"},
				"down": {"uv": [7, 4, 8, 5], "texture": "#0"}
			}
		},
		{
			"from": [9, 13, 7.5],
			"to": [10, 14, 8.5],
			"faces": {
				"north": {"uv": [10, 2, 9, 3], "texture": "#0"},
				"east": {"uv": [9, 2, 10, 3], "texture": "#0"},
				"south": {"uv": [9, 2, 10, 3], "texture": "#0"},
				"west": {"uv": [9, 2, 10, 3], "texture": "#0"},
				"up": {"uv": [9, 2, 10, 3], "texture": "#0"},
				"down": {"uv": [9, 2, 10, 3], "texture": "#0"}
			}
		},
		{
			"from": [6, 8, 7.5],
			"to": [8, 11, 8.5],
			"faces": {
				"north": {"uv": [8, 5, 6, 8], "texture": "#0"},
				"east": {"uv": [7, 5, 8, 8], "texture": "#0"},
				"south": {"uv": [6, 5, 8, 8], "texture": "#0"},
				"west": {"uv": [6, 5, 7, 8], "texture": "#0"},
				"up": {"uv": [6, 5, 8, 6], "texture": "#0"},
				"down": {"uv": [6, 7, 8, 8], "texture": "#0"}
			}
		},
		{
			"from": [13, 10, 7.5],
			"to": [15, 13, 8.5],
			"faces": {
				"north": {"uv": [15, 3, 13, 6], "texture": "#0"},
				"east": {"uv": [14, 3, 15, 6], "texture": "#0"},
				"south": {"uv": [13, 3, 15, 6], "texture": "#0"},
				"west": {"uv": [13, 3, 14, 6], "texture": "#0"},
				"up": {"uv": [13, 3, 15, 4], "texture": "#0"},
				"down": {"uv": [13, 5, 15, 6], "texture": "#0"}
			}
		},
		{
			"from": [8, 6, 7.5],
			"to": [11, 8, 8.5],
			"faces": {
				"north": {"uv": [11, 8, 8, 10], "texture": "#0"},
				"east": {"uv": [10, 8, 11, 10], "texture": "#0"},
				"south": {"uv": [8, 8, 11, 10], "texture": "#0"},
				"west": {"uv": [8, 8, 9, 10], "texture": "#0"},
				"up": {"uv": [8, 8, 11, 9], "texture": "#0"},
				"down": {"uv": [8, 9, 11, 10], "texture": "#0"}
			}
		},
		{
			"from": [10, 13, 7.5],
			"to": [13, 15, 8.5],
			"faces": {
				"north": {"uv": [13, 1, 10, 3], "texture": "#0"},
				"east": {"uv": [12, 1, 13, 3], "texture": "#0"},
				"south": {"uv": [10, 1, 13, 3], "texture": "#0"},
				"west": {"uv": [10, 1, 11, 3], "texture": "#0"},
				"up": {"uv": [10, 1, 13, 2], "texture": "#0"},
				"down": {"uv": [10, 2, 13, 3], "texture": "#0"}
			}
		},
		{
			"from": [13, 13, 7.5],
			"to": [15, 15, 8.5],
			"faces": {
				"north": {"uv": [15, 1, 13, 3], "texture": "#0"},
				"east": {"uv": [15, 1, 14, 3], "texture": "#0"},
				"south": {"uv": [13, 1, 15, 3], "texture": "#0"},
				"west": {"uv": [13, 1, 14, 3], "texture": "#0"},
				"up": {"uv": [13, 1, 15, 2], "texture": "#0"},
				"down": {"uv": [13, 2, 15, 3], "texture": "#0"}
			}
		},
		{
			"from": [4, 3, 7.5],
			"to": [6, 4, 8.5],
			"faces": {
				"north": {"uv": [6, 12, 4, 13], "texture": "#0"},
				"east": {"uv": [5, 12, 6, 13], "texture": "#0"},
				"south": {"uv": [4, 12, 6, 13], "texture": "#0"},
				"west": {"uv": [4, 12, 5, 13], "texture": "#0"},
				"up": {"uv": [4, 12, 6, 13], "texture": "#0"},
				"down": {"uv": [4, 12, 6, 13], "texture": "#0"}
			}
		},
		{
			"from": [3, 4, 7.5],
			"to": [4, 6, 8.5],
			"faces": {
				"north": {"uv": [4, 10, 3, 12], "texture": "#0"},
				"east": {"uv": [4, 10, 3, 12], "texture": "#0"},
				"south": {"uv": [3, 10, 4, 12], "texture": "#0"},
				"west": {"uv": [3, 10, 4, 12], "texture": "#0"},
				"up": {"uv": [3, 10, 4, 11], "texture": "#0"},
				"down": {"uv": [3, 11, 4, 12], "texture": "#0"}
			}
		},
		{
			"from": [4, 4, 7.5],
			"to": [8, 8, 8.5],
			"faces": {
				"north": {"uv": [8, 8, 4, 12], "texture": "#0"},
				"east": {"uv": [7, 8, 8, 12], "texture": "#0"},
				"south": {"uv": [4, 8, 8, 12], "texture": "#0"},
				"west": {"uv": [4, 8, 5, 12], "texture": "#0"},
				"up": {"uv": [4, 8, 8, 9], "texture": "#0"},
				"down": {"uv": [4, 11, 8, 12], "texture": "#0"}
			}
		},
		{
			"from": [8, 8, 7.5],
			"to": [13, 13, 8.5],
			"faces": {
				"north": {"uv": [13, 3, 8, 8], "texture": "#0"},
				"east": {"uv": [12, 3, 13, 8], "texture": "#0"},
				"south": {"uv": [8, 3, 13, 8], "texture": "#0"},
				"west": {"uv": [8, 3, 9, 8], "texture": "#0"},
				"up": {"uv": [8, 3, 13, 4], "texture": "#0"},
				"down": {"uv": [8, 7, 13, 8], "texture": "#0"}
			}
		}
	],
	"groups": [
		{
			"name": "shovel",
			"origin": [8, 8, 8],
			"color": 0,
			"children": [0, 1, 2, 3, 4, 5, 6, 7, 8, 9, 10, 11, 12, 13, 14, 15, 16, 17, 18, 19, 20]
		}
	]
}